Applicant_ID,Age,Annual_Income,Credit_Score,Loan_Amount,Debt_to_Income_Ratio,Employment_Years,Default
APP_0001,25,215525,783,98364,0.6146,25,0
APP_0002,56,198915,334,85622,0.3491,33,1
APP_0003,50,157529,519,116591,0.6885,26,1
APP_0004,41,233645,552,120270,0.486,24,1
APP_0005,41,57758,739,89588,0.1277,19,0
APP_0006,59,241685,371,49509,0.643,10,1
APP_0007,25,225252,539,76888,0.3778,11,1
APP_0008,52,144842,383,56009,0.1449,30,1
APP_0009,30,198146,733,80491,0.1523,2,0
APP_0010,26,148703,648,102454,0.5106,3,1
APP_0011,45,90353,573,49319,0.0817,16,1
APP_0012,64,213569,516,65691,0.242,31,1
APP_0013,54,85053,384,10476,0.1437,26,1
APP_0014,55,100952,807,93388,0.3455,24,1
APP_0015,53,148475,656,63782,0.3276,21,0
APP_0016,56,222272,475,60165,0.3997,4,1
APP_0017,44,117070,528,68891,0.2374,13,1
APP_0018,27,142640,700,30859,0.0715,3,0
APP_0019,58,37666,696,76756,0.4616,31,1
APP_0020,41,54878,554,94424,0.3004,30,1
APP_0021,44,40979,466,46961,0.4864,10,0
APP_0022,38,44717,663,20738,0.1228,12,1
APP_0023,30,229496,662,51420,0.0592,13,1
APP_0024,62,223342,630,28830,0.2164,36,1
APP_0025,56,218677,340,49872,0.3559,20,0
APP_0026,50,40891,560,80218,0.314,31,1
APP_0027,39,46013,638,18607,0.5929,18,1
APP_0028,58,93101,823,94672,0.3032,28,1
APP_0029,45,159148,589,31953,0.4054,21,1
APP_0030,41,105518,488,112362,0.4477,11,1
APP_0031,41,141113,606,92893,0.0646,35,1
APP_0032,31,68134,397,37710,0.3951,29,1
APP_0033,26,197540,349,72587,0.281,31,1
APP_0034,46,100823,673,18286,0.3323,38,0
APP_0035,61,43437,843,16968,0.1172,10,0
APP_0036,24,200304,766,119725,0.5745,3,1
APP_0037,59,237446,621,101291,0.6814,23,1
APP_0038,58,31406,322,23530,0.0649,13,1
APP_0039,34,129308,844,38922,0.4529,17,0
APP_0040,49,219904,547,28720,0.5618,9,1
APP_0041,29,191830,459,52419,0.2408,16,1
APP_0042,55,226719,791,39959,0.5777,16,0
APP_0043,52,124328,711,44367,0.4737,14,1
APP_0044,37,114364,713,68526,0.6725,30,1
APP_0045,24,192528,453,27686,0.7073,24,1
APP_0046,64,63638,846,110939,0.0784,19,1
APP_0047,41,83545,549,92318,0.3481,4,1
APP_0048,61,167394,592,96265,0.4165,23,1
APP_0049,51,183081,713,25337,0.1483,7,1
APP_0050,56,55764,663,89978,0.2753,12,0
APP_0051,55,145927,394,105349,0.7117,17,1
APP_0052,30,112661,466,26021,0.0609,5,1
APP_0053,38,144404,499,95153,0.3532,15,0
APP_0054,42,250355,822,47921,0.6146,10,1
APP_0055,43,45773,693,99509,0.267,34,0
APP_0056,23,258947,501,62408,0.3715,35,1
APP_0057,46,132302,704,101265,0.7053,0,1
APP_0058,28,207128,706,22691,0.3682,24,1
APP_0059,54,126477,517,51689,0.1377,26,0
APP_0060,52,100143,522,37811,0.0847,15,0
APP_0061,62,206779,792,34803,0.6834,19,0
APP_0062,54,187538,609,41999,0.2281,32,0
APP_0063,38,61421,382,50892,0.3877,15,1
APP_0064,64,191654,696,20273,0.1108,2,0
APP_0065,40,202713,624,89849,0.3338,15,1
APP_0066,36,117979,580,71028,0.6732,10,1
APP_0067,61,242750,699,104512,0.3866,15,1
APP_0068,38,176686,799,89603,0.7007,9,0
APP_0069,25,105401,482,22885,0.2234,6,1
APP_0070,42,30488,531,13391,0.388,40,1
APP_0071,57,184590,404,55737,0.6259,5,1
APP_0072,30,76501,656,62734,0.3503,28,1
APP_0073,42,203514,521,33829,0.2373,29,1
APP_0074,27,149820,488,98865,0.6232,25,0
APP_0075,52,136280,683,74789,0.3112,37,1
APP_0076,42,65990,524,94758,0.4056,0,1
APP_0077,36,193069,555,18081,0.7043,12,1
APP_0078,31,66490,542,102808,0.1749,7,1
APP_0079,46,124918,442,29730,0.2519,23,1
APP_0080,51,222022,369,58788,0.0708,26,0
APP_0081,63,241524,755,57724,0.3125,36,0
APP_0082,41,257478,350,103466,0.1841,15,1
APP_0083,29,250258,479,38221,0.5056,9,1
APP_0084,58,156984,667,33890,0.1715,37,1
APP_0085,49,74511,372,45755,0.5021,27,1
APP_0086,52,222664,661,48297,0.2265,31,1
APP_0087,26,213978,703,26802,0.288,18,1
APP_0088,35,257754,665,26162,0.2837,18,0
APP_0089,55,179019,468,32760,0.5302,15,1
APP_0090,58,60850,310,61098,0.3626,30,1
APP_0091,41,144673,788,46202,0.2921,8,0
APP_0092,57,131992,479,52047,0.6213,39,1
APP_0093,59,223563,743,91286,0.4332,7,1
APP_0094,39,119076,408,33911,0.1933,18,1
APP_0095,61,104233,389,114187,0.6531,12,1
APP_0096,34,46571,728,95213,0.2796,26,1
APP_0097,32,221825,817,25962,0.0761,27,0
APP_0098,52,203236,774,42661,0.3814,37,0
APP_0099,50,37564,713,27026,0.133,32,1
APP_0100,28,128636,435,37736,0.2098,10,0
APP_0101,58,139294,803,48859,0.5506,8,0
APP_0102,30,136883,667,20706,0.1376,36,0
APP_0103,57,241192,394,6732,0.5907,20,1
APP_0104,22,62956,371,57658,0.6777,3,1
APP_0105,57,99071,780,89118,0.4564,33,0
APP_0106,56,69974,451,41355,0.5259,26,1
APP_0107,56,84627,722,108254,0.5281,1,1
APP_0108,51,238448,376,49312,0.7152,32,1
APP_0109,42,246247,454,113095,0.2788,24,1
APP_0110,53,38358,456,33319,0.1591,25,1
APP_0111,34,174645,454,69720,0.3978,35,1
APP_0112,56,82021,671,96578,0.4073,20,1
APP_0113,46,72674,803,12084,0.1692,18,0
APP_0114,42,95757,801,116600,0.4608,25,1
APP_0115,44,73097,708,48795,0.0595,8,1
APP_0116,47,141725,411,64751,0.6715,6,1
APP_0117,23,258981,829,80412,0.2273,34,1
APP_0118,28,164055,598,82159,0.0765,8,1
APP_0119,32,195792,600,7840,0.1225,20,1
APP_0120,27,142443,686,109060,0.211,11,1
APP_0121,41,31226,723,79832,0.2335,9,1
APP_0122,51,47514,825,124859,0.072,24,1
APP_0123,50,90378,620,61581,0.2372,32,1
APP_0124,42,84530,636,78621,0.1793,18,0
APP_0125,59,223014,710,57927,0.3037,5,0
APP_0126,46,223712,440,111773,0.3081,10,1
APP_0127,25,226156,469,104886,0.2771,6,1
APP_0128,55,175920,644,114032,0.2697,36,1
APP_0129,47,157032,335,65513,0.1101,13,1
APP_0130,49,178602,476,99974,0.0669,15,0
APP_0131,46,122379,695,48055,0.1854,2,1
APP_0132,46,183487,837,60311,0.557,18,1
APP_0133,25,212310,586,96226,0.7138,37,1
APP_0134,46,204993,520,14738,0.6721,16,1
APP_0135,56,170408,542,90258,0.3878,26,0
APP_0136,35,41481,677,6896,0.4063,7,1
APP_0137,48,196188,600,74678,0.2608,5,1
APP_0138,23,113053,312,62264,0.5685,29,1
APP_0139,37,200530,597,61241,0.5624,2,1
APP_0140,41,153170,520,64317,0.6157,18,1
APP_0141,65,232435,686,64032,0.65,12,1
APP_0142,31,106521,782,53883,0.341,0,1
APP_0143,34,244083,830,59162,0.5638,21,1
APP_0144,39,223919,636,73180,0.5903,39,1
APP_0145,65,104816,499,96615,0.2567,2,0
APP_0146,59,139956,544,71259,0.6726,33,1
APP_0147,23,151272,397,82102,0.1132,22,1
APP_0148,32,206321,815,105393,0.7162,29,1
APP_0149,58,187884,766,123741,0.566,3,1
APP_0150,24,225667,770,18038,0.1125,35,0
APP_0151,59,113809,480,90551,0.4897,0,1
APP_0152,34,145111,477,32021,0.0729,37,1
APP_0153,62,127960,771,28613,0.566,26,1
APP_0154,34,239016,600,100160,0.5855,13,1
APP_0155,41,98755,688,13242,0.4536,0,1
APP_0156,51,164212,569,106740,0.6241,25,1
APP_0157,27,55878,543,97465,0.1156,3,1
APP_0158,46,225263,648,124378,0.2349,24,0
APP_0159,44,117138,747,85153,0.3275,31,0
APP_0160,56,107017,484,109749,0.0784,10,1
APP_0161,65,163236,745,19224,0.3503,9,0
APP_0162,51,143725,434,111787,0.2277,9,0
APP_0163,40,224730,521,24239,0.3131,9,0
APP_0164,39,151287,802,42721,0.3348,4,1
APP_0165,40,147942,825,20383,0.6392,10,1
APP_0166,57,52355,809,53199,0.2311,27,0
APP_0167,36,33089,474,94879,0.6488,12,1
APP_0168,29,120464,764,37170,0.3354,32,0
APP_0169,36,259583,815,103663,0.2696,33,0
APP_0170,22,240822,838,77755,0.3867,31,1
APP_0171,26,173923,311,80471,0.3299,22,1
APP_0172,25,174353,710,117656,0.2224,12,0
APP_0173,55,118828,849,56821,0.3868,38,0
APP_0174,53,69181,721,46356,0.1517,8,0
APP_0175,52,29982,428,124346,0.2858,19,1
APP_0176,42,106614,720,71840,0.4291,18,1
APP_0177,53,101420,357,78752,0.327,30,1
APP_0178,29,72451,564,40555,0.602,22,1
APP_0179,61,88126,645,30852,0.222,32,0
APP_0180,44,33758,551,25375,0.6997,37,1
APP_0181,63,169046,685,31827,0.5758,16,1
APP_0182,28,243170,432,28422,0.6983,35,1
APP_0183,43,188265,634,94606,0.6116,6,1
APP_0184,52,131984,655,11953,0.1452,37,1
APP_0185,43,125502,649,80526,0.4027,7,1
APP_0186,41,99348,459,118915,0.1639,34,1
APP_0187,29,61038,468,96866,0.5982,16,1
APP_0188,38,166846,442,53345,0.4414,39,1
APP_0189,32,159433,554,12128,0.2265,5,0
APP_0190,35,29696,622,105094,0.6728,19,1
APP_0191,52,124400,499,5377,0.1272,36,1
APP_0192,49,92501,525,86759,0.4278,1,0
APP_0193,48,67505,457,85513,0.5331,10,1
APP_0194,37,191103,420,28030,0.0894,3,1
APP_0195,64,149991,662,93784,0.4506,13,1
APP_0196,25,175034,749,26055,0.5967,16,1
APP_0197,37,193527,460,32077,0.0952,25,0
APP_0198,27,255778,774,102438,0.3932,10,1
APP_0199,36,214240,614,122495,0.2232,6,1
APP_0200,64,171922,392,36765,0.4942,6,1
APP_0201,38,231933,501,115560,0.1295,38,1
APP_0202,61,138781,304,114594,0.6778,39,1
APP_0203,43,256465,321,97328,0.6495,9,1
APP_0204,52,204652,485,21806,0.1746,8,1
APP_0205,42,179004,550,40930,0.2666,2,0
APP_0206,33,237572,739,86325,0.4437,39,1
APP_0207,55,147498,374,124906,0.5311,28,1
APP_0208,64,195201,762,102736,0.3466,31,1
APP_0209,33,94057,429,55432,0.1547,11,1
APP_0210,56,251465,376,33230,0.1198,26,0
APP_0211,33,172621,685,120240,0.7198,2,1
APP_0212,53,209425,726,38144,0.3551,27,1
APP_0213,56,134891,633,46066,0.6346,23,0
APP_0214,41,229097,363,120742,0.3732,13,1
APP_0215,54,45209,363,72399,0.668,29,1
APP_0216,33,54472,514,36751,0.1088,26,1
APP_0217,25,145651,548,5641,0.1264,17,1
APP_0218,26,197919,850,56594,0.6729,7,0
APP_0219,41,215738,457,123320,0.6848,0,1
APP_0220,61,130100,406,56901,0.2609,38,1
APP_0221,27,178724,821,88943,0.288,11,0
APP_0222,42,156320,384,35364,0.3531,12,1
APP_0223,52,251073,314,98073,0.3288,27,1
APP_0224,30,179751,532,98094,0.1773,10,1
APP_0225,53,124707,520,77996,0.6519,15,1
APP_0226,35,252997,641,97621,0.2197,29,0
APP_0227,57,52882,783,74458,0.5225,24,0
APP_0228,47,256422,814,50398,0.095,26,0
APP_0229,46,63731,459,93545,0.076,0,1
APP_0230,29,94868,840,105215,0.488,18,0
APP_0231,42,218581,648,105927,0.2771,19,1
APP_0232,59,198230,338,30568,0.4892,25,1
APP_0233,22,253122,817,86191,0.113,6,0
APP_0234,55,201996,376,5516,0.6864,6,1
APP_0235,43,175785,624,73639,0.5515,31,1
APP_0236,53,108386,735,73540,0.6371,27,0
APP_0237,51,29093,437,48619,0.1414,33,1
APP_0238,41,56737,449,124289,0.2645,11,0
APP_0239,35,97084,562,110955,0.2968,40,1
APP_0240,49,37499,787,9637,0.4099,11,1
APP_0241,28,145897,423,30060,0.2489,26,0
APP_0242,47,208343,665,29959,0.0906,6,0
APP_0243,26,251475,549,112707,0.2971,37,1
APP_0244,50,141610,361,67269,0.2205,13,1
APP_0245,49,231001,691,92464,0.3086,32,0
APP_0246,25,256645,758,102192,0.182,13,0
APP_0247,55,227480,617,97114,0.2255,32,1
APP_0248,40,135873,397,15685,0.4701,18,1
APP_0249,56,103460,385,21840,0.3101,2,1
APP_0250,23,254876,533,52428,0.2814,7,1
APP_0251,29,84123,579,45605,0.4077,28,1
APP_0252,43,123485,604,94649,0.5671,7,1
APP_0253,30,45175,434,23748,0.3038,11,1
APP_0254,36,212134,575,49585,0.4436,22,1
APP_0255,51,178762,462,33388,0.6974,10,1
APP_0256,28,47678,678,27660,0.3997,5,1
APP_0257,51,79487,738,25736,0.6596,25,1
APP_0258,26,156867,659,28459,0.5818,28,1
APP_0259,29,153375,300,72724,0.0893,30,1
APP_0260,47,214077,846,54205,0.3375,38,0
APP_0261,56,89734,313,57234,0.5179,5,1
APP_0262,29,242530,850,62530,0.7111,17,1
APP_0263,35,131117,317,93927,0.3571,9,0
APP_0264,62,218839,584,108417,0.1122,36,0
APP_0265,65,83304,358,68172,0.4265,22,1
APP_0266,47,36577,352,82070,0.1348,4,1
APP_0267,41,40772,676,93627,0.5535,28,1
APP_0268,37,114466,701,87848,0.3901,1,0
APP_0269,48,249131,365,21111,0.5347,11,1
APP_0270,48,39298,838,122958,0.6325,29,1
APP_0271,34,113602,476,24777,0.4714,20,1
APP_0272,23,53353,475,54421,0.4603,31,0
APP_0273,28,244122,463,83312,0.5556,23,1
APP_0274,64,184670,554,53402,0.6144,34,1
APP_0275,40,204944,397,34175,0.6323,23,1
APP_0276,43,193475,534,115801,0.0744,2,0
APP_0277,42,180430,415,13583,0.4226,2,1
APP_0278,56,207503,328,34505,0.1949,31,1
APP_0279,24,29884,503,124159,0.6264,1,1
APP_0280,25,228785,670,92577,0.4844,15,1
APP_0281,34,199648,720,15437,0.3315,0,1
APP_0282,43,199548,494,95548,0.176,12,1
APP_0283,51,119277,478,121341,0.2771,24,0
APP_0284,43,213802,733,16734,0.5215,7,0
APP_0285,41,116581,675,54686,0.1869,19,0
APP_0286,63,39359,758,61187,0.1127,40,0
APP_0287,29,238613,799,20721,0.645,2,1
APP_0288,47,82412,752,29067,0.562,2,1
APP_0289,45,51640,816,25850,0.1839,11,0
APP_0290,42,172280,529,27245,0.2458,33,1
APP_0291,57,82207,517,53423,0.7013,16,1
APP_0292,33,227085,477,60659,0.5245,26,0
APP_0293,63,130950,429,33558,0.459,1,1
APP_0294,36,29044,712,39731,0.2561,30,1
APP_0295,45,248798,693,28068,0.2504,2,1
APP_0296,44,147394,741,100527,0.0765,29,0
APP_0297,59,89010,392,30410,0.5381,6,1
APP_0298,41,185130,570,113912,0.0789,35,0
APP_0299,34,151101,422,69662,0.0533,12,1
APP_0300,22,34868,792,101326,0.5388,7,1
APP_0301,38,204238,447,81367,0.6857,13,1
APP_0302,58,121114,379,36923,0.5569,0,1
APP_0303,22,190357,613,77163,0.366,6,1
APP_0304,61,235787,784,37896,0.3757,24,1
APP_0305,45,169662,804,19227,0.3422,12,1
APP_0306,28,183814,352,35567,0.2675,14,1
APP_0307,35,87078,479,38076,0.3995,33,1
APP_0308,46,83136,384,21204,0.3389,5,1
APP_0309,35,124280,469,7833,0.4508,16,1
APP_0310,26,225845,594,118255,0.6517,7,1
APP_0311,51,149612,454,66610,0.7167,19,1
APP_0312,51,108743,337,53245,0.1028,13,1
APP_0313,27,208869,581,116594,0.3077,1,1
APP_0314,34,225975,329,31962,0.1711,2,1
APP_0315,32,237387,424,53344,0.2859,34,1
APP_0316,51,97354,300,106600,0.2426,2,1
APP_0317,54,192636,347,80843,0.1669,32,1
APP_0318,53,164954,540,52903,0.5619,37,1
APP_0319,63,132161,768,35699,0.3825,19,0
APP_0320,55,120090,726,9214,0.6659,12,1
APP_0321,36,54576,354,15206,0.0718,31,1
APP_0322,26,91759,319,24432,0.0949,40,1
APP_0323,49,155522,486,99394,0.3202,4,1
APP_0324,62,233681,659,81710,0.1038,39,0
APP_0325,64,228991,711,57016,0.226,38,1
APP_0326,32,71521,753,98948,0.7106,5,1
APP_0327,32,185602,488,24293,0.19,2,1
APP_0328,23,47676,392,30312,0.1827,29,1
APP_0329,28,184603,314,52127,0.4343,3,1
APP_0330,46,107327,380,115087,0.3837,24,1
APP_0331,46,132364,335,78707,0.4389,2,1
APP_0332,38,194492,774,107119,0.3024,28,1
APP_0333,35,126574,447,34779,0.6039,9,1
APP_0334,58,215324,753,106805,0.1428,3,0
APP_0335,42,151790,604,13697,0.337,2,1
APP_0336,57,259708,596,32319,0.5121,7,1
APP_0337,64,176071,550,67763,0.6317,22,1
APP_0338,35,96755,751,11064,0.2976,3,1
APP_0339,30,207866,323,107991,0.4304,32,1
APP_0340,63,122642,351,109090,0.0963,24,0
APP_0341,49,151927,533,69976,0.1641,12,1
APP_0342,34,59742,517,41696,0.0963,40,0
APP_0343,49,55687,600,16875,0.5377,27,1
APP_0344,44,161370,706,79269,0.243,27,1
APP_0345,61,71312,623,69520,0.5349,7,1
APP_0346,33,259438,441,96196,0.0945,29,1
APP_0347,65,226516,480,77304,0.6279,22,1
APP_0348,63,190604,714,20395,0.6098,40,1
APP_0349,29,198450,411,19611,0.1096,19,1
APP_0350,29,166089,577,98700,0.0659,27,1
APP_0351,45,41987,596,24082,0.0877,13,0
APP_0352,23,119029,713,117621,0.6219,1,1
APP_0353,35,143025,693,17713,0.2073,5,0
APP_0354,41,240349,556,92404,0.4173,35,1
APP_0355,64,78921,470,122027,0.3356,30,1
APP_0356,65,143284,502,57946,0.583,14,1
APP_0357,28,107823,526,11805,0.3776,28,1
APP_0358,61,59173,420,110201,0.3854,0,1
APP_0359,26,51900,644,27476,0.7127,1,1
APP_0360,54,112767,414,68294,0.1506,20,1
APP_0361,59,47121,657,123144,0.6066,25,1
APP_0362,61,43582,714,94372,0.0847,38,0
APP_0363,31,109401,829,10557,0.37,31,0
APP_0364,61,74859,365,103460,0.6438,10,1
APP_0365,27,156715,718,24349,0.4957,33,1
APP_0366,44,32099,347,94922,0.5091,20,1
APP_0367,42,98020,485,79514,0.2264,33,1
APP_0368,35,133160,397,39542,0.3304,7,0
APP_0369,22,251449,389,55833,0.2956,1,1
APP_0370,55,175213,396,19141,0.3994,2,1
APP_0371,36,232326,324,123414,0.3597,40,1
APP_0372,51,107643,753,33600,0.269,3,1
APP_0373,40,132332,333,42041,0.2547,38,1
APP_0374,38,125528,519,65344,0.2181,29,1
APP_0375,60,233875,685,85685,0.2946,5,1
APP_0376,26,250536,845,65633,0.1505,35,0
APP_0377,54,251261,770,65616,0.6343,5,0
APP_0378,54,202455,375,74917,0.4534,5,1
APP_0379,38,144721,844,107923,0.1396,23,0
APP_0380,33,153478,660,52412,0.5149,11,1
APP_0381,22,255478,398,104855,0.6179,11,1
APP_0382,63,94013,547,99426,0.2091,7,0
APP_0383,63,108436,805,120320,0.1509,24,0
APP_0384,32,236103,516,114578,0.0558,1,0
APP_0385,23,117626,401,100781,0.0817,10,0
APP_0386,27,82542,782,34607,0.5607,22,1
APP_0387,24,158028,825,97915,0.7114,19,1
APP_0388,58,103479,837,93382,0.0801,28,0
APP_0389,61,234682,826,39740,0.5512,8,1
APP_0390,28,238903,780,86356,0.0981,26,0
APP_0391,54,98994,550,35356,0.4467,31,1
APP_0392,29,150853,405,67770,0.5566,15,1
APP_0393,38,256286,640,100609,0.2907,10,1
APP_0394,48,200217,421,27623,0.0573,22,0
APP_0395,53,78025,560,45434,0.4488,23,1
APP_0396,60,165052,661,100427,0.7141,3,1
APP_0397,23,171814,821,59454,0.2226,23,0
APP_0398,30,179597,459,120275,0.177,6,1
APP_0399,34,33802,438,5955,0.133,23,1
APP_0400,35,97456,704,91620,0.422,38,1
APP_0401,65,226270,303,102703,0.4496,22,1
APP_0402,56,83998,612,115143,0.5808,31,0
APP_0403,36,97529,710,23810,0.5546,12,1
APP_0404,64,102818,603,123102,0.648,37,1
APP_0405,43,69153,511,52073,0.5899,33,1
APP_0406,44,64062,756,47246,0.2157,37,0
APP_0407,41,108507,504,47665,0.4224,30,1
APP_0408,28,230840,691,81586,0.2493,26,1
APP_0409,63,28356,555,84115,0.271,21,1
APP_0410,22,93713,314,61871,0.6744,38,1
APP_0411,29,42065,592,13524,0.5069,34,1
APP_0412,32,158265,327,123395,0.703,17,1
APP_0413,34,86139,812,31652,0.3293,3,0
APP_0414,27,211738,631,16256,0.4101,0,1
APP_0415,22,163723,504,76685,0.3764,9,1
APP_0416,51,209847,567,54484,0.1219,2,0
APP_0417,64,175298,641,78868,0.2086,8,1
APP_0418,27,129705,443,110064,0.4035,4,1
APP_0419,35,227744,458,16678,0.0951,40,0
APP_0420,44,138491,530,39086,0.6741,3,1
APP_0421,62,248384,442,66988,0.133,25,1
APP_0422,52,258770,717,99535,0.1826,14,0
APP_0423,55,164652,357,77077,0.5628,7,1
APP_0424,47,184506,755,50933,0.1149,28,0
APP_0425,40,87313,492,78207,0.6532,39,1
APP_0426,30,216996,609,122597,0.5362,32,1
APP_0427,60,183809,386,62606,0.096,39,1
APP_0428,57,237392,512,111023,0.5135,24,1
APP_0429,23,89945,715,98594,0.4732,27,1
APP_0430,53,210720,449,41158,0.5574,6,1
APP_0431,25,137103,372,34940,0.6049,34,1
APP_0432,54,70961,587,97423,0.5313,30,0
APP_0433,58,67717,389,29897,0.4427,10,1
APP_0434,27,158423,473,45422,0.2661,14,1
APP_0435,41,102112,548,33247,0.5172,25,0
APP_0436,27,51639,610,77763,0.6912,0,1
APP_0437,46,127097,652,40296,0.4436,33,1
APP_0438,62,179477,672,84017,0.4951,11,0
APP_0439,25,101996,765,117181,0.3429,3,1
APP_0440,39,249641,336,104551,0.5566,13,1
APP_0441,64,208854,499,118754,0.7184,34,1
APP_0442,35,146953,300,7934,0.1575,11,1
APP_0443,27,244839,305,59654,0.1856,22,1
APP_0444,43,128449,416,31418,0.4114,33,1
APP_0445,44,60403,629,115144,0.3725,1,1
APP_0446,51,36315,792,90430,0.433,31,1
APP_0447,35,245621,726,43426,0.0829,11,1
APP_0448,64,250667,656,72622,0.3209,28,0
APP_0449,44,199506,728,77651,0.4406,7,1
APP_0450,34,51896,394,64472,0.4421,5,1
APP_0451,64,96126,762,61922,0.4904,32,1
APP_0452,62,37530,790,11625,0.5325,33,0
APP_0453,43,39889,352,59295,0.4798,40,1
APP_0454,23,85087,558,46793,0.5795,27,1
APP_0455,48,160736,757,103190,0.4686,19,1
APP_0456,46,43203,562,108812,0.4101,7,1
APP_0457,28,256427,763,95049,0.4562,12,0
APP_0458,49,133587,815,8707,0.1178,26,0
APP_0459,58,89212,561,105947,0.233,14,0
APP_0460,26,147732,332,52572,0.4034,19,1
APP_0461,53,211316,487,54964,0.6349,6,1
APP_0462,28,100516,418,118417,0.505,18,1
APP_0463,54,39023,561,109075,0.1106,9,1
APP_0464,40,39822,622,11105,0.4468,4,1
APP_0465,22,225660,555,48179,0.1986,5,1
APP_0466,64,53891,407,94964,0.5418,21,1
APP_0467,29,175450,465,69661,0.6044,15,0
APP_0468,48,117205,674,35913,0.4476,4,1
APP_0469,29,208383,314,67973,0.4462,21,1
APP_0470,63,42042,417,108993,0.2769,6,0
APP_0471,54,236287,791,31794,0.349,0,0
APP_0472,57,189980,354,94528,0.629,5,1
APP_0473,41,132232,528,93171,0.5346,18,1
APP_0474,42,76028,414,111284,0.3982,39,1
APP_0475,49,254696,357,40752,0.2967,9,1
APP_0476,56,98080,532,30910,0.0838,11,0
APP_0477,59,141798,587,70718,0.1458,9,1
APP_0478,22,119437,397,68755,0.1793,14,1
APP_0479,51,81487,342,54144,0.3002,29,1
APP_0480,26,124653,374,98512,0.6826,13,1
APP_0481,34,63144,659,100885,0.3885,26,0
APP_0482,58,28385,774,34483,0.2073,36,1
APP_0483,33,95278,399,100463,0.1209,38,1
APP_0484,57,54000,476,32689,0.2767,23,1
APP_0485,42,124228,489,53916,0.5965,29,1
APP_0486,32,228161,498,8261,0.3068,37,1
APP_0487,36,65716,434,45847,0.5676,32,1
APP_0488,45,28286,330,120021,0.5878,12,1
APP_0489,55,53773,589,58107,0.1242,5,1
APP_0490,48,145894,496,90202,0.4578,4,1
APP_0491,63,91762,488,17951,0.6926,36,1
APP_0492,60,141564,445,81267,0.3194,22,1
APP_0493,55,34785,812,49589,0.0841,12,1
APP_0494,48,105277,636,94279,0.6686,14,1
APP_0495,34,123151,530,116362,0.6421,11,1
APP_0496,40,128067,413,68793,0.3998,32,1
APP_0497,27,155868,741,17339,0.42,25,0
APP_0498,38,209094,789,62136,0.1919,36,0
APP_0499,62,136397,317,19773,0.599,12,1
APP_0500,40,223159,812,58943,0.3841,19,0
APP_0501,27,150898,685,12337,0.0727,4,0
APP_0502,50,88400,355,81852,0.5076,39,1
APP_0503,64,81132,714,42254,0.6868,20,1
APP_0504,60,102817,359,29184,0.6055,22,1
APP_0505,34,166611,328,7076,0.2357,16,1
APP_0506,41,84256,363,111567,0.0857,11,1
APP_0507,45,240088,553,105463,0.68,38,1
APP_0508,32,139328,641,102410,0.6778,20,1
APP_0509,33,228279,524,11976,0.4067,27,1
APP_0510,32,186515,367,46947,0.4804,1,1
APP_0511,65,105337,409,121561,0.3599,11,1
APP_0512,54,80954,769,74433,0.3312,32,0
APP_0513,58,200595,830,20419,0.13,3,0
APP_0514,57,104730,715,21923,0.1148,4,1
APP_0515,64,85273,356,36573,0.2059,33,0
APP_0516,26,243849,751,121681,0.6105,12,1
APP_0517,60,139970,681,25353,0.1477,11,0
APP_0518,24,39268,589,113347,0.2019,23,0
APP_0519,42,142786,378,86361,0.4176,7,1
APP_0520,48,134898,849,115627,0.1941,1,1
APP_0521,37,228440,543,104121,0.1593,0,1
APP_0522,28,193081,324,44859,0.4274,3,1
APP_0523,30,72394,415,104347,0.2966,6,1
APP_0524,58,62905,521,25296,0.4695,28,0
APP_0525,36,168033,334,39916,0.6612,12,1
APP_0526,35,38990,478,30412,0.1512,2,0
APP_0527,62,102011,558,20980,0.662,0,1
APP_0528,28,60063,822,15800,0.6547,19,0
APP_0529,62,32770,347,27487,0.6055,34,1
APP_0530,62,241166,617,19413,0.473,13,1
APP_0531,48,48838,804,50651,0.4655,2,0
APP_0532,29,30148,744,13556,0.4783,9,1
APP_0533,28,244430,809,12353,0.5126,20,0
APP_0534,34,71690,393,123778,0.061,7,1
APP_0535,47,217441,741,15523,0.6919,40,1
APP_0536,28,35257,839,13886,0.4424,31,0
APP_0537,42,63625,479,8612,0.5736,14,1
APP_0538,27,53666,574,20905,0.3028,39,1
APP_0539,45,191852,592,68350,0.0583,13,1
APP_0540,22,171874,572,104270,0.3915,5,1
APP_0541,53,138316,459,93187,0.3898,38,1
APP_0542,24,84060,834,74628,0.3428,39,1
APP_0543,30,48615,827,15202,0.2776,12,0
APP_0544,29,160057,509,97930,0.2174,24,1
APP_0545,58,81525,743,9470,0.4035,7,0
APP_0546,24,164925,519,80709,0.3014,26,1
APP_0547,40,187492,737,54119,0.6999,28,1
APP_0548,48,225068,622,110861,0.1659,29,0
APP_0549,44,142604,559,41903,0.2642,23,1
APP_0550,51,29100,370,81616,0.247,28,1
APP_0551,57,93114,660,57799,0.414,22,1
APP_0552,39,225981,476,67655,0.3845,33,1
APP_0553,58,151714,419,117655,0.4813,7,0
APP_0554,35,171635,406,90529,0.6865,19,1
APP_0555,65,134215,841,54746,0.2411,17,0
APP_0556,44,65756,356,58687,0.5142,21,1
APP_0557,54,236035,739,89548,0.0668,5,0
APP_0558,60,207321,777,46527,0.2258,13,0
APP_0559,56,258882,317,25142,0.3607,39,1
APP_0560,59,226474,624,61118,0.0708,4,0
APP_0561,45,95542,618,13187,0.4638,26,1
APP_0562,23,86989,497,25365,0.5045,27,1
APP_0563,43,85646,667,55485,0.5503,19,0
APP_0564,29,241160,525,100588,0.3961,1,1
APP_0565,61,157208,542,98770,0.4546,1,1
APP_0566,32,133434,537,36284,0.3154,11,1
APP_0567,32,252636,741,55631,0.0776,4,0
APP_0568,32,167994,648,23423,0.117,3,1
APP_0569,50,238988,508,95629,0.4888,6,1
APP_0570,47,256438,810,34562,0.717,7,1
APP_0571,63,46431,741,100943,0.0606,34,1
APP_0572,40,111876,813,106048,0.4236,26,0
APP_0573,34,198320,702,87690,0.5532,1,0
APP_0574,24,216652,515,44624,0.6039,25,1
APP_0575,22,62448,725,119349,0.4153,5,0
APP_0576,38,101868,481,87325,0.4653,17,1
APP_0577,62,155176,449,82500,0.5168,1,1
APP_0578,45,213417,548,107769,0.6255,3,1
APP_0579,61,54208,834,110776,0.1319,5,0
APP_0580,26,167370,612,14329,0.6705,17,1
APP_0581,26,96774,511,110785,0.0674,18,1
APP_0582,58,78194,554,96802,0.6103,14,1
APP_0583,26,147572,460,29782,0.1014,25,0
APP_0584,24,124054,662,41919,0.1804,29,1
APP_0585,39,175485,493,95319,0.0526,29,1
APP_0586,62,101691,605,30994,0.3483,23,1
APP_0587,52,219000,503,59289,0.274,22,1
APP_0588,26,46121,476,87668,0.1612,20,0
APP_0589,58,227956,834,83058,0.3522,9,1
APP_0590,59,34921,490,114175,0.3196,19,1
APP_0591,57,198727,338,18384,0.5643,0,1
APP_0592,61,108383,508,40402,0.6484,39,1
APP_0593,32,116933,593,123185,0.4872,15,1
APP_0594,65,32415,352,73260,0.1334,31,0
APP_0595,36,190887,468,34844,0.2479,39,1
APP_0596,57,66393,391,39780,0.6619,20,1
APP_0597,47,180924,575,45705,0.1095,35,1
APP_0598,56,196242,698,71514,0.3226,19,1
APP_0599,49,224095,833,39145,0.6815,5,1
APP_0600,50,192277,514,79623,0.6869,1,1
APP_0601,49,97948,775,58432,0.3255,5,0
APP_0602,56,199350,418,78240,0.4972,38,1
APP_0603,54,219620,730,23614,0.356,19,0
APP_0604,27,101579,610,79825,0.5548,13,1
APP_0605,58,56809,717,115968,0.0712,18,0
APP_0606,45,234484,716,21209,0.1466,10,0
APP_0607,36,62322,593,44293,0.4615,35,0
APP_0608,44,165768,441,88224,0.2058,40,0
APP_0609,64,82817,589,79088,0.4963,3,1
APP_0610,59,57238,755,85970,0.2853,29,1
APP_0611,58,208128,834,72147,0.6441,13,1
APP_0612,42,61342,811,86910,0.5989,1,1
APP_0613,56,183492,399,78126,0.3802,37,0
APP_0614,38,188798,629,13888,0.5678,2,1
APP_0615,52,41972,357,95154,0.2317,8,1
APP_0616,50,68122,668,58620,0.3812,1,1
APP_0617,32,212292,846,11174,0.1823,19,0
APP_0618,33,145691,328,54084,0.6268,24,1
APP_0619,24,56153,661,57221,0.6015,13,1
APP_0620,28,258091,820,15405,0.6544,2,1
APP_0621,41,89477,766,124530,0.6379,4,1
APP_0622,43,28929,516,31684,0.6929,38,1
APP_0623,29,242406,357,44678,0.203,33,1
APP_0624,40,31846,809,57915,0.6743,38,0
APP_0625,48,156379,807,104900,0.4327,21,0
APP_0626,32,258395,619,94148,0.3331,22,1
APP_0627,36,162051,839,97515,0.4255,32,0
APP_0628,38,163636,302,33447,0.2795,25,1
APP_0629,44,118056,639,106452,0.2433,17,0
APP_0630,38,57443,321,104569,0.2117,11,1
APP_0631,54,160864,815,60663,0.1052,19,0
APP_0632,36,236174,674,70495,0.3827,2,1
APP_0633,41,49135,803,9456,0.6448,7,1
APP_0634,38,232248,610,96250,0.4722,30,1
APP_0635,30,124290,345,120310,0.3991,35,1
APP_0636,52,152398,314,61706,0.3372,4,1
APP_0637,32,66373,484,69860,0.3611,3,1
APP_0638,35,172255,709,64903,0.1902,3,1
APP_0639,56,70305,383,14917,0.6014,32,0
APP_0640,63,91379,769,79366,0.1829,12,0
APP_0641,51,195414,431,91573,0.5301,13,1
APP_0642,62,39720,573,116356,0.5592,0,1
APP_0643,59,131746,411,116574,0.4352,39,1
APP_0644,43,165939,556,64017,0.6282,17,1
APP_0645,55,58630,549,120078,0.245,32,1
APP_0646,36,96383,303,68438,0.6407,29,1
APP_0647,42,107692,612,82045,0.5387,5,1
APP_0648,45,181960,733,77239,0.5852,32,1
APP_0649,64,254596,815,124841,0.4953,22,0
APP_0650,59,222008,482,93501,0.617,24,1
APP_0651,43,72025,785,19400,0.7154,8,0
APP_0652,50,32213,784,13622,0.3315,34,1
APP_0653,30,40043,844,54185,0.5953,38,1
APP_0654,57,166205,505,66882,0.5489,16,1
APP_0655,46,64252,768,85234,0.3534,3,1
APP_0656,45,81657,611,62790,0.6711,34,1
APP_0657,55,224594,332,66756,0.3143,36,1
APP_0658,49,230742,448,115602,0.4289,20,1
APP_0659,25,222655,670,45185,0.121,23,0
APP_0660,34,86850,388,64220,0.2013,9,1
APP_0661,29,171766,539,71886,0.6133,2,1
APP_0662,54,169698,726,61198,0.3157,38,0
APP_0663,23,70977,382,121174,0.314,19,1
APP_0664,30,156421,573,120463,0.2148,11,0
APP_0665,48,149859,418,66574,0.3794,28,1
APP_0666,52,119910,595,59069,0.5899,1,1
APP_0667,44,202385,432,75676,0.6498,3,1
APP_0668,59,185208,831,26706,0.097,9,0
APP_0669,62,151575,342,56117,0.4351,18,1
APP_0670,27,196378,830,31029,0.3631,15,0
APP_0671,63,205041,736,22286,0.4616,7,1
APP_0672,49,159529,771,16422,0.3497,14,0
APP_0673,49,90100,769,75448,0.3171,13,0
APP_0674,26,203953,403,5068,0.3662,21,0
APP_0675,49,194486,813,82540,0.4399,23,0
APP_0676,53,256152,627,56833,0.3857,36,1
APP_0677,47,62750,830,48977,0.3663,33,0
APP_0678,25,125271,783,97309,0.5979,11,0
APP_0679,45,242420,619,69649,0.5496,37,1
APP_0680,63,147383,506,93015,0.2787,21,1
APP_0681,53,246688,364,90136,0.5864,7,1
APP_0682,28,30893,355,8857,0.6219,13,1
APP_0683,64,36159,514,30859,0.1528,30,1
APP_0684,64,212678,746,73397,0.4404,33,1
APP_0685,29,111156,578,122065,0.2412,15,1
APP_0686,57,148693,565,23513,0.5452,6,1
APP_0687,39,127298,434,17666,0.21,7,1
APP_0688,48,122647,610,117929,0.4998,4,1
APP_0689,41,245958,651,121016,0.2209,28,0
APP_0690,56,49824,841,25083,0.3925,20,1
APP_0691,65,207154,701,53204,0.6856,18,0
APP_0692,56,234400,634,80196,0.3055,27,0
APP_0693,62,180519,801,28427,0.6367,33,1
APP_0694,63,119641,534,44148,0.7113,32,1
APP_0695,25,65123,815,52434,0.6362,5,1
APP_0696,33,186358,503,81987,0.1611,24,1
APP_0697,53,136761,370,41967,0.5992,36,1
APP_0698,47,62654,530,54471,0.0715,31,1
APP_0699,24,111438,370,39749,0.3135,13,1
APP_0700,26,251079,365,96157,0.6334,16,1
APP_0701,44,89569,785,23364,0.5115,36,1
APP_0702,49,69398,737,32681,0.4069,1,1
APP_0703,29,186218,421,34998,0.3099,21,1
APP_0704,29,74293,761,113695,0.5942,4,1
APP_0705,27,241418,337,118337,0.5254,36,1
APP_0706,46,227284,456,65025,0.3638,1,1
APP_0707,22,256179,689,23768,0.648,0,1
APP_0708,47,239719,467,95731,0.2041,13,1
APP_0709,42,84553,702,64050,0.1642,8,0
APP_0710,42,77218,781,106967,0.4807,20,0
APP_0711,51,107492,336,48199,0.7012,12,1
APP_0712,44,136993,313,124859,0.2157,14,1
APP_0713,54,232159,817,101840,0.2173,23,0
APP_0714,55,198170,586,31873,0.1435,22,0
APP_0715,62,177508,579,92065,0.6266,38,1
APP_0716,57,231780,555,39427,0.2017,19,1
APP_0717,44,177845,538,46975,0.3871,23,1
APP_0718,43,115940,680,35051,0.7139,27,1
APP_0719,32,123816,619,86866,0.0581,7,1
APP_0720,48,147948,390,36544,0.4228,27,1
APP_0721,28,48595,645,81655,0.3932,35,1
APP_0722,62,200078,668,74893,0.591,13,1
APP_0723,59,179444,362,95095,0.288,7,1
APP_0724,27,197623,507,124222,0.3249,14,1
APP_0725,56,151874,735,6058,0.1625,11,0
APP_0726,27,209646,640,123833,0.5463,23,1
APP_0727,53,248342,375,18122,0.5758,35,1
APP_0728,25,160224,322,68212,0.1416,24,0
APP_0729,43,131097,620,45906,0.3136,5,1
APP_0730,50,52270,554,81683,0.6482,12,1
APP_0731,54,208653,829,91608,0.0518,28,0
APP_0732,40,237721,587,108196,0.2502,13,0
APP_0733,62,190281,813,53237,0.4219,24,0
APP_0734,56,228812,418,116952,0.2738,28,1
APP_0735,31,227798,546,43692,0.2323,13,1
APP_0736,51,213158,376,29463,0.3582,26,1
APP_0737,54,144668,616,50495,0.1716,16,1
APP_0738,36,51168,403,68425,0.4048,5,1
APP_0739,54,28753,571,85179,0.5235,15,1
APP_0740,61,75420,489,104940,0.4354,18,1
APP_0741,57,127997,402,31982,0.1124,0,1
APP_0742,55,200515,353,41384,0.6158,36,1
APP_0743,49,133747,582,117641,0.1672,21,1
APP_0744,33,33368,821,57777,0.5624,1,1
APP_0745,56,76800,409,33988,0.2916,35,1
APP_0746,38,255180,523,123274,0.5745,35,0
APP_0747,45,257221,423,58876,0.1882,0,0
APP_0748,35,115497,745,123205,0.1751,6,0
APP_0749,35,214756,528,115317,0.383,14,0
APP_0750,28,194880,836,113732,0.0721,20,0
APP_0751,64,244054,435,74820,0.2009,29,0
APP_0752,28,233916,344,100813,0.5351,17,1
APP_0753,25,173868,620,120266,0.611,25,1
APP_0754,63,119554,659,37295,0.1041,0,0
APP_0755,46,173384,845,9529,0.641,27,1
APP_0756,41,102038,780,43502,0.5843,37,0
APP_0757,54,108757,787,81427,0.6327,21,1
APP_0758,38,169227,649,70673,0.5179,18,0
APP_0759,27,160564,498,14670,0.5017,12,0
APP_0760,54,162789,536,72293,0.4018,39,1
APP_0761,29,117244,373,25927,0.4874,1,0
APP_0762,46,122920,537,65660,0.6658,11,1
APP_0763,63,30364,500,74084,0.1173,5,1
APP_0764,63,167611,319,81400,0.2616,35,1
APP_0765,37,161582,412,54506,0.0985,19,0
APP_0766,56,245008,594,53998,0.683,37,1
APP_0767,48,144992,503,86428,0.3483,27,1
APP_0768,43,136492,847,94900,0.5025,22,0
APP_0769,28,43702,563,101928,0.6136,21,1
APP_0770,38,73644,828,45025,0.714,8,1
APP_0771,50,106424,664,55889,0.1584,23,0
APP_0772,65,115511,322,44681,0.5857,28,1
APP_0773,22,112143,412,68305,0.6446,39,1
APP_0774,53,119432,688,20267,0.0827,22,0
APP_0775,59,206388,600,56610,0.5552,38,0
APP_0776,63,58417,466,27645,0.2877,38,1
APP_0777,40,105084,587,68888,0.4846,21,1
APP_0778,27,65786,797,107062,0.3944,18,1
APP_0779,33,99408,514,123247,0.224,5,1
APP_0780,59,186818,324,58553,0.1406,11,1
APP_0781,60,38849,471,11759,0.1284,36,0
APP_0782,50,106758,815,32344,0.1192,5,0
APP_0783,27,33495,719,17578,0.4773,16,1
APP_0784,27,249536,761,96120,0.2854,28,0
APP_0785,43,196724,802,123160,0.1951,9,0
APP_0786,47,84514,364,71477,0.5136,39,1
APP_0787,23,73981,455,26221,0.5102,26,1
APP_0788,52,50950,332,7538,0.4112,1,1
APP_0789,45,137708,302,122130,0.6764,10,1
APP_0790,22,202813,759,42963,0.3082,30,1
APP_0791,26,163536,816,18441,0.61,35,1
APP_0792,41,232400,385,26240,0.1003,38,1
APP_0793,53,107765,697,35630,0.5457,34,1
APP_0794,58,92522,594,83704,0.7123,3,1
APP_0795,40,138907,338,112013,0.6172,29,1
APP_0796,34,74884,804,38003,0.4384,4,0
APP_0797,64,254349,780,87468,0.4699,3,1
APP_0798,42,71097,612,12793,0.2867,28,1
APP_0799,35,139097,690,6212,0.5053,19,1
APP_0800,41,149106,518,11592,0.5662,26,1
APP_0801,22,41234,736,115775,0.7188,34,1
APP_0802,35,136672,545,74807,0.38,2,1
APP_0803,44,133490,845,101620,0.0911,21,1
APP_0804,62,88190,334,7606,0.4492,34,1
APP_0805,54,57688,394,7667,0.1297,18,1
APP_0806,56,38480,833,106855,0.214,21,0
APP_0807,45,29990,459,17313,0.2703,20,1
APP_0808,26,139705,471,23647,0.5398,37,1
APP_0809,39,48843,735,67273,0.1732,2,0
APP_0810,65,250565,404,77787,0.1611,35,1
APP_0811,23,84781,582,32466,0.0801,33,1
APP_0812,60,179384,457,58362,0.6351,33,1
APP_0813,52,184249,409,85984,0.5146,16,1
APP_0814,34,142957,831,58142,0.0768,21,0
APP_0815,56,232998,410,50918,0.069,15,0
APP_0816,58,53680,351,13615,0.4243,10,1
APP_0817,23,82295,671,59225,0.2393,35,0
APP_0818,26,86565,777,101330,0.4498,20,1
APP_0819,51,59416,370,80211,0.3412,29,1
APP_0820,65,96387,690,112166,0.6686,4,1
APP_0821,23,100543,597,20140,0.2428,32,0
APP_0822,51,205434,757,6322,0.505,27,1
APP_0823,28,97977,369,70779,0.0862,40,1
APP_0824,50,231396,837,26432,0.6904,5,1
APP_0825,49,207260,641,76278,0.7071,22,1
APP_0826,25,237180,764,113468,0.5452,20,0
APP_0827,51,52412,499,45456,0.3617,22,1
APP_0828,61,256419,819,70939,0.1974,2,1
APP_0829,59,170439,645,86803,0.5944,19,0
APP_0830,23,255909,369,23004,0.5434,12,1
APP_0831,32,110323,808,112685,0.1987,25,0
APP_0832,32,249095,738,29334,0.3523,9,1
APP_0833,41,164556,465,101992,0.3601,17,0
APP_0834,28,44662,600,84198,0.6037,25,0
APP_0835,59,123148,513,21915,0.5082,2,1
APP_0836,56,59968,599,91978,0.4809,32,1
APP_0837,57,246376,831,28576,0.4854,29,1
APP_0838,30,98636,795,76931,0.2312,2,0
APP_0839,22,79587,418,120161,0.299,2,1
APP_0840,62,156272,835,119377,0.0806,34,1
APP_0841,34,126637,541,109548,0.5773,11,1
APP_0842,50,50498,688,64287,0.3401,35,0
APP_0843,62,217426,721,72144,0.3436,20,0
APP_0844,23,224224,566,41032,0.2144,14,0
APP_0845,22,200367,551,115514,0.1903,11,1
APP_0846,22,171087,551,62267,0.4438,27,1
APP_0847,28,121393,775,97595,0.2058,4,0
APP_0848,24,153828,512,48159,0.093,16,1
APP_0849,58,148871,454,93850,0.5642,14,1
APP_0850,48,66352,499,31929,0.3022,6,0
APP_0851,65,46980,407,93055,0.3048,14,1
APP_0852,57,86755,515,10515,0.339,21,1
APP_0853,64,133405,362,17578,0.5961,27,1
APP_0854,32,65192,349,47265,0.265,3,1
APP_0855,34,52746,698,62844,0.5579,35,1
APP_0856,59,225648,342,90369,0.6795,36,1
APP_0857,32,114999,613,48086,0.4928,28,1
APP_0858,24,163540,729,7212,0.3392,37,0
APP_0859,51,149574,699,44047,0.551,17,1
APP_0860,57,198550,545,57701,0.3568,33,1
APP_0861,64,199636,406,70246,0.3277,29,1
APP_0862,62,96679,812,82281,0.4019,23,1
APP_0863,27,224714,760,34719,0.2629,7,1
APP_0864,55,114130,637,78248,0.1198,22,0
APP_0865,59,221767,347,80790,0.328,36,1
APP_0866,52,121926,319,98197,0.133,40,1
APP_0867,58,53750,473,67645,0.325,18,1
APP_0868,58,204323,386,102262,0.4231,10,1
APP_0869,41,34997,774,31592,0.6736,30,1
APP_0870,23,207185,413,90404,0.0743,3,1
APP_0871,42,38013,455,10501,0.4664,6,0
APP_0872,30,75980,837,17335,0.3567,23,0
APP_0873,27,167980,750,108766,0.0636,40,0
APP_0874,27,246437,420,62002,0.2172,13,1
APP_0875,52,122766,511,79501,0.1294,18,1
APP_0876,44,55992,584,77408,0.1953,13,1
APP_0877,45,82034,666,88383,0.234,18,0
APP_0878,54,235900,815,34467,0.3189,0,1
APP_0879,46,196602,779,26391,0.4045,24,0
APP_0880,49,51291,838,10106,0.0507,24,0
APP_0881,25,117296,322,108772,0.1585,12,1
APP_0882,59,89373,430,31830,0.1127,10,1
APP_0883,41,69257,610,74020,0.4183,31,1
APP_0884,28,224383,327,59587,0.2705,7,1
APP_0885,57,171309,495,24482,0.4174,1,1
APP_0886,54,69642,384,54671,0.1986,1,1
APP_0887,24,178961,814,14984,0.0662,36,0
APP_0888,30,123947,334,26200,0.6807,14,1
APP_0889,22,42262,381,21763,0.1226,4,1
APP_0890,33,132367,407,103929,0.135,36,1
APP_0891,26,70973,381,73090,0.1482,6,1
APP_0892,53,84900,613,116082,0.7075,13,1
APP_0893,44,231927,500,57318,0.4638,0,1
APP_0894,65,192776,802,29161,0.4589,27,1
APP_0895,54,59109,443,78030,0.7111,28,1
APP_0896,48,225509,596,116548,0.1093,31,0
APP_0897,44,161239,663,68911,0.7029,10,1
APP_0898,24,230901,644,7143,0.1867,13,1
APP_0899,25,201321,738,41434,0.4675,38,1
APP_0900,49,106722,411,115995,0.3315,33,1
APP_0901,22,152089,579,67201,0.3072,1,0
APP_0902,23,151157,741,119231,0.6739,28,1
APP_0903,31,195026,775,66112,0.15,33,0
APP_0904,60,85630,640,6446,0.718,22,1
APP_0905,42,105276,659,109766,0.304,26,0
APP_0906,53,84792,776,96562,0.4847,0,0
APP_0907,40,96705,644,90829,0.6985,1,0
APP_0908,29,65410,822,121424,0.0886,1,0
APP_0909,38,36478,370,28543,0.6683,6,1
APP_0910,26,246084,491,113708,0.4304,40,1
APP_0911,55,45241,361,32914,0.5219,26,1
APP_0912,30,234013,349,121485,0.15,32,1
APP_0913,38,28714,560,27971,0.4074,12,1
APP_0914,65,208347,424,71038,0.5013,38,1
APP_0915,48,104189,524,99721,0.3557,8,1
APP_0916,42,148097,541,14378,0.1538,36,1
APP_0917,45,93475,642,13004,0.2136,1,0
APP_0918,56,141821,821,106974,0.6224,0,1
APP_0919,33,132762,768,12251,0.0731,3,1
APP_0920,50,150900,508,78659,0.5249,32,1
APP_0921,60,119241,479,117586,0.7196,10,1
APP_0922,47,152483,724,78768,0.055,18,0
APP_0923,41,219506,368,62720,0.1579,19,0
APP_0924,28,128818,597,55070,0.5017,32,1
APP_0925,32,111839,533,81579,0.0902,14,0
APP_0926,63,58567,400,73621,0.4452,0,1
APP_0927,45,111454,639,65212,0.5083,15,1
APP_0928,35,57154,476,23429,0.4441,11,1
APP_0929,40,70340,402,84520,0.2947,29,1
APP_0930,47,248921,659,93772,0.5172,30,0
APP_0931,45,48744,395,90062,0.4482,3,1
APP_0932,52,139831,670,14002,0.1891,32,1
APP_0933,33,221557,389,89345,0.4273,2,0
APP_0934,50,249143,539,92573,0.6409,25,1
APP_0935,41,62037,745,27009,0.4968,15,1
APP_0936,63,65949,425,106877,0.3661,12,1
APP_0937,28,114442,722,67861,0.2655,19,1
APP_0938,28,156624,697,61696,0.1075,12,1
APP_0939,42,250675,797,91728,0.2139,32,0
APP_0940,44,76190,393,66179,0.0575,39,1
APP_0941,52,66139,694,70369,0.711,33,1
APP_0942,39,86738,816,42465,0.1991,18,0
APP_0943,62,230842,720,116345,0.596,20,1
APP_0944,42,34972,403,121335,0.163,18,1
APP_0945,27,116190,753,20651,0.24,32,0
APP_0946,27,55597,359,92974,0.3302,22,1
APP_0947,64,64440,624,7800,0.2674,19,0
APP_0948,27,240708,574,49278,0.5849,16,1
APP_0949,63,28385,592,121399,0.6917,15,1
APP_0950,34,102595,586,25976,0.6364,22,1
APP_0951,26,240378,317,50239,0.1529,28,0
APP_0952,35,169085,580,31349,0.5704,17,1
APP_0953,49,44647,816,92386,0.1491,33,0
APP_0954,40,135883,540,60670,0.662,33,1
APP_0955,56,253259,452,76174,0.397,17,1
APP_0956,48,120904,848,118108,0.2754,37,1
APP_0957,39,150642,354,67526,0.1552,7,1
APP_0958,49,151397,567,93097,0.0579,38,0
APP_0959,64,181223,582,16748,0.2161,12,1
APP_0960,40,71439,563,30829,0.6624,23,1
APP_0961,28,222806,807,118623,0.5842,11,1
APP_0962,39,257356,532,108147,0.6998,18,1
APP_0963,58,61072,836,83801,0.1175,13,0
APP_0964,31,217847,336,50384,0.4468,28,1
APP_0965,63,217523,704,28976,0.2223,3,0
APP_0966,47,200054,626,107206,0.4138,34,1
APP_0967,48,114043,432,99236,0.2647,37,1
APP_0968,35,136752,425,34003,0.2399,23,1
APP_0969,62,222697,696,75779,0.4345,22,1
APP_0970,23,63467,651,79239,0.1728,28,0
APP_0971,35,220268,636,62295,0.3643,8,1
APP_0972,40,241594,328,116200,0.486,30,1
APP_0973,43,186193,629,19892,0.1359,8,0
APP_0974,42,107201,840,35947,0.6735,27,1
APP_0975,28,157723,309,16403,0.3888,12,0
APP_0976,31,39624,558,88151,0.5991,30,1
APP_0977,26,244178,572,82281,0.4881,32,1
APP_0978,47,107437,794,123477,0.5257,8,1
APP_0979,37,41246,455,70077,0.5298,25,1
APP_0980,46,212314,562,23071,0.6363,20,1
APP_0981,47,180553,695,59105,0.4611,12,1
APP_0982,52,172468,333,15608,0.2364,24,1
APP_0983,46,40550,741,85509,0.1167,40,0
APP_0984,50,202194,753,85903,0.4562,0,1
APP_0985,47,175857,696,107918,0.0945,39,1
APP_0986,50,212123,657,45768,0.2117,35,1
APP_0987,49,219940,711,42214,0.0907,21,0
APP_0988,35,77173,730,13549,0.4178,25,1
APP_0989,32,76868,797,54818,0.1574,15,1
APP_0990,56,242317,535,62036,0.459,5,1
APP_0991,37,151198,551,95537,0.5799,23,1
APP_0992,46,129613,651,95452,0.6007,33,1
APP_0993,30,94630,406,21830,0.2574,9,1
APP_0994,40,176251,771,39214,0.4178,29,0
APP_0995,45,202918,724,66376,0.4272,30,1
APP_0996,49,28535,647,45205,0.3668,31,1
APP_0997,45,156212,466,8065,0.4889,13,1
APP_0998,37,258461,491,106483,0.1908,16,1
APP_0999,64,93108,539,92752,0.7061,17,1
APP_1000,44,93167,665,67408,0.1157,35,1
